<?xml version="1.0" encoding="utf-8" ?>
<Menus>
	<Menu>
		<Title>Home</Title>
		<LeftNavTitle>Contact Us</LeftNavTitle>
		<Action>../Main/Page2.aspx</Action>
	</Menu>
	<Menu>
		<Title>Home</Title>
		<LeftNavTitle>Company Info</LeftNavTitle>
		<Action>../Main/Page2.aspx</Action>
	</Menu>
	<Menu>
		<Title>Services</Title>
		<LeftNavTitle>Consulting</LeftNavTitle>
		<Action>../Main/Page2.aspx</Action>
	</Menu>
	<Menu>
		<Title>Services</Title>
		<LeftNavTitle>Training</LeftNavTitle>
		<Action>../Main/Page2.aspx</Action>
	</Menu>
	<Menu>
		<Title>Search</Title>
		<LeftNavTitle>By Title</LeftNavTitle>
		<Action>../Main/Page2.aspx</Action>
	</Menu>
	<Menu>
		<Title>Search</Title>
		<LeftNavTitle>By Author</LeftNavTitle>
		<Action>../Main/Page2.aspx</Action>
	</Menu>
	<Menu>
		<Title>Resources</Title>
		<LeftNavTitle>Tips</LeftNavTitle>
		<Action>../Main/Page2.aspx</Action>
	</Menu>
	<Menu>
		<Title>Resources</Title>
		<LeftNavTitle>eBooks</LeftNavTitle>
		<Action>../Main/Page2.aspx</Action>
	</Menu>
	<Menu>
		<Title>Ken</Title>
		<LeftNavTitle>ASP.NET</LeftNavTitle>
		<Action>../Main/Page2.aspx</Action>
	</Menu>
</Menus>